start	end	title	attendees	calendarId
2026-10-19T09:00:00	2026-10-19T09:15:00	Introduction to Reproducible Research	Erik Fasterius	session
2026-10-19T09:15:00	2026-10-19T10:00:00	Project organisation showcases	Elin Kronander	session
2026-10-19T10:00:00	2026-10-19T10:20:00	Break		free
2026-10-19T10:20:00	2026-10-19T12:00:00	Metadata	Elin Kronander, Maria Vrettou	session
2026-10-19T12:00:00	2026-10-19T13:00:00	Lunch		free
2026-10-19T13:00:00	2026-10-19T14:40:00	Git: Version tracking and distributing your code	Erik Fasterius	session
2026-10-19T14:40:00	2026-10-19T15:00:00	Break		free
2026-10-19T15:00:00	2026-10-19T16:45:00	Conda: Controlling your environment	John Sundh	session
2026-10-19T16:45:00	2026-10-19T17:00:00	Wrap-up day 1	Erik Fasterius	extra
2026-10-20T09:00:00	2026-10-20T10:20:00	Working with containers	John Sundh	session
2026-10-20T10:20:00	2026-10-20T10:40:00	Break		free
2026-10-20T10:40:00	2026-10-20T12:00:00	Containers continued...	John Sundh	session
2026-10-20T12:00:00	2026-10-20T13:00:00	Lunch		free
2026-10-20T13:00:00	2026-10-20T15:00:00	Containers continued...	John Sundh	session
2026-10-20T15:00:00	2026-10-20T15:20:00	Break		free
2026-10-20T15:20:00	2026-10-20T16:45:00	Quarto: Writing computational notebooks and reproducible reports	Erik Fasterius	session
2026-10-20T16:45:00	2026-10-20T17:00:00	Wrap-up day 2	John Sundh	extra
2026-10-20T17:30:00	2026-10-20T20:30:00	Course dinner @ Haga Bottega, Eugeniavägen 6		extra
2026-10-21T09:00:00	2026-10-21T09:45:00	Quarto continued...	Erik Fasterius	session
2026-10-21T09:45:00	2026-10-21T10:20:00	Jupyter: Writing computational notebooks and reproducible reports	John Sundh	session
2026-10-21T10:20:00	2026-10-21T10:40:00	Break		free
2026-10-21T10:40:00	2026-10-21T12:00:00	Jupyter continued...	John Sundh	session
2026-10-21T12:00:00	2026-10-21T13:00:00	Lunch		free
2026-10-21T13:00:00	2026-10-21T13:30:00	Jupyter continued...	John Sundh	session
2026-10-21T13:30:00	2026-10-21T14:30:00	Snakemake: Organise your analyses using workflow managers	John Sundh	session
2026-10-21T14:30:00	2026-10-21T14:50:00	Break		free
2026-10-21T14:50:00	2026-10-21T16:45:00	Snakemake continued...	John Sundh	session
2026-10-21T16:45:00	2026-10-21T17:00:00	Wrap-up day 3	John Sundh	extra
2026-10-22T09:00:00	2026-10-22T10:30:00	Snakemake continued...	John Sundh	session
2026-10-22T10:30:00	2026-10-22T10:50:00	Break		free
2026-10-22T10:50:00	2026-10-22T12:00:00	Nextflow: Organise your analyses using workflow managers	Erik Fasterius	session
2026-10-22T12:00:00	2026-10-22T13:00:00	Lunch		free
2026-10-22T13:00:00	2026-10-22T14:20:00	Nextflow continued...	Erik Fasterius	session
2026-10-22T14:20:00	2026-10-22T14:40:00	Break		free
2026-10-22T14:40:00	2026-10-22T16:45:00	Nextflow continued...	Erik Fasterius	session
2026-10-22T16:45:00	2026-10-22T17:00:00	Wrap-up day 4	Erik Fasterius	extra
2026-10-23T09:00:00	2026-10-23T09:15:00	Documentation	Erik Fasterius	session
2026-10-23T09:15:00	2026-10-23T10:20:00	Putting it all together	Erik Fasterius	session
2026-10-23T10:20:00	2026-10-23T10:40:00	Break		free
2026-10-23T10:40:00	2026-10-23T12:00:00	Putting it all together continued...	Erik Fasterius	session
2026-10-23T12:00:00	2026-10-23T13:00:00	Lunch		free
2026-10-23T13:00:00	2026-10-23T14:20:00	Putting it all together continued...	Erik Fasterius	session
2026-10-23T14:20:00	2026-10-23T14:40:00	Break		free
2026-10-23T14:40:00	2026-10-23T15:45:00	Putting it all together continued...	Erik Fasterius	session
2026-10-23T15:45:00	2026-10-23T16:00:00	Final wrap-up and end of the course	John Sundh	extra
